"NATMON_IND","Indicator","LOCATION","Country","TIME","Time","Value","Flag Codes","Flags"
"NERT_2_F_CP","Total net enrolment rate, lower secondary, female (%)","40510","World","1998","1998",71.46698,"‡","UIS Estimation"
"NERT_2_F_CP","Total net enrolment rate, lower secondary, female (%)","40510","World","1999","1999",71.37115,"‡","UIS Estimation"
"NERT_2_F_CP","Total net enrolment rate, lower secondary, female (%)","40510","World","2000","2000",72.09725,"‡","UIS Estimation"
"NERT_2_F_CP","Total net enrolment rate, lower secondary, female (%)","40510","World","2001","2001",72.79888,"‡","UIS Estimation"
"NERT_2_F_CP","Total net enrolment rate, lower secondary, female (%)","40510","World","2002","2002",74.39515,"‡","UIS Estimation"
"NERT_2_F_CP","Total net enrolment rate, lower secondary, female (%)","40510","World","2003","2003",76.64342,"‡","UIS Estimation"
"NERT_2_F_CP","Total net enrolment rate, lower secondary, female (%)","40510","World","2004","2004",77.81186,"‡","UIS Estimation"
"NERT_2_F_CP","Total net enrolment rate, lower secondary, female (%)","40510","World","2005","2005",78.3727,"‡","UIS Estimation"
"NERT_2_F_CP","Total net enrolment rate, lower secondary, female (%)","40510","World","2006","2006",78.89449,"‡","UIS Estimation"
"NERT_2_F_CP","Total net enrolment rate, lower secondary, female (%)","40510","World","2007","2007",79.66427,"‡","UIS Estimation"
"NERT_2_F_CP","Total net enrolment rate, lower secondary, female (%)","40510","World","2008","2008",80.4007,"‡","UIS Estimation"
"NERT_2_F_CP","Total net enrolment rate, lower secondary, female (%)","40510","World","2009","2009",80.98672,"‡","UIS Estimation"
"NERT_2_F_CP","Total net enrolment rate, lower secondary, female (%)","40510","World","2010","2010",81.98088,"‡","UIS Estimation"
"NERT_2_F_CP","Total net enrolment rate, lower secondary, female (%)","40510","World","2011","2011",82.45841,"‡","UIS Estimation"
"NERT_2_F_CP","Total net enrolment rate, lower secondary, female (%)","40510","World","2012","2012",83.27998,"‡","UIS Estimation"
"NERT_2_F_CP","Total net enrolment rate, lower secondary, female (%)","40510","World","2013","2013",83.75632,"‡","UIS Estimation"
"NERT_2_F_CP","Total net enrolment rate, lower secondary, female (%)","40510","World","2014","2014",83.77183,"‡","UIS Estimation"
"NERT_2_F_CP","Total net enrolment rate, lower secondary, female (%)","40510","World","2015","2015",84.3127,"‡","UIS Estimation"
"NERT_2_F_CP","Total net enrolment rate, lower secondary, female (%)","40510","World","2016","2016",84.51982,"‡","UIS Estimation"
"NERT_2_F_CP","Total net enrolment rate, lower secondary, female (%)","40510","World","2017","2017",84.93316,"‡","UIS Estimation"
"NERT_2_F_CP","Total net enrolment rate, lower secondary, female (%)","40510","World","2018","2018",85.06706,"‡","UIS Estimation"
"NERT_2_F_CP","Total net enrolment rate, lower secondary, female (%)","40510","World","2019","2019",85.07098,"‡","UIS Estimation"
"NERT_2_F_CP","Total net enrolment rate, lower secondary, female (%)","40510","World","2020","2020",84.71783,"‡","UIS Estimation"
"NERT_3_M_CP","Total net enrolment rate, upper secondary, male (%)","40510","World","1998","1998",54.98955,"‡","UIS Estimation"
"NERT_3_M_CP","Total net enrolment rate, upper secondary, male (%)","40510","World","1999","1999",55.02981,"‡","UIS Estimation"
"NERT_3_M_CP","Total net enrolment rate, upper secondary, male (%)","40510","World","2000","2000",55.11133,"‡","UIS Estimation"
"NERT_3_M_CP","Total net enrolment rate, upper secondary, male (%)","40510","World","2001","2001",55.16377,"‡","UIS Estimation"
"NERT_3_M_CP","Total net enrolment rate, upper secondary, male (%)","40510","World","2002","2002",55.68209,"‡","UIS Estimation"
"NERT_3_M_CP","Total net enrolment rate, upper secondary, male (%)","40510","World","2003","2003",56.21904,"‡","UIS Estimation"
"NERT_3_M_CP","Total net enrolment rate, upper secondary, male (%)","40510","World","2004","2004",56.82213,"‡","UIS Estimation"
"NERT_3_M_CP","Total net enrolment rate, upper secondary, male (%)","40510","World","2005","2005",56.98678,"‡","UIS Estimation"
"NERT_3_M_CP","Total net enrolment rate, upper secondary, male (%)","40510","World","2006","2006",57.7574,"‡","UIS Estimation"
"NERT_3_M_CP","Total net enrolment rate, upper secondary, male (%)","40510","World","2007","2007",59.00373,"‡","UIS Estimation"
"NERT_3_M_CP","Total net enrolment rate, upper secondary, male (%)","40510","World","2008","2008",60.5079,"‡","UIS Estimation"
"NERT_3_M_CP","Total net enrolment rate, upper secondary, male (%)","40510","World","2009","2009",61.05663,"‡","UIS Estimation"
"NERT_3_M_CP","Total net enrolment rate, upper secondary, male (%)","40510","World","2010","2010",62.19295,"‡","UIS Estimation"
"NERT_3_M_CP","Total net enrolment rate, upper secondary, male (%)","40510","World","2011","2011",63.02422,"‡","UIS Estimation"
"NERT_3_M_CP","Total net enrolment rate, upper secondary, male (%)","40510","World","2012","2012",63.12513,"‡","UIS Estimation"
"NERT_3_M_CP","Total net enrolment rate, upper secondary, male (%)","40510","World","2013","2013",63.79196,"‡","UIS Estimation"
"NERT_3_M_CP","Total net enrolment rate, upper secondary, male (%)","40510","World","2014","2014",64.45104,"‡","UIS Estimation"
"NERT_3_M_CP","Total net enrolment rate, upper secondary, male (%)","40510","World","2015","2015",64.25122,"‡","UIS Estimation"
"NERT_3_M_CP","Total net enrolment rate, upper secondary, male (%)","40510","World","2016","2016",65.49817,"‡","UIS Estimation"
"NERT_3_M_CP","Total net enrolment rate, upper secondary, male (%)","40510","World","2017","2017",65.99193,"‡","UIS Estimation"
"NERT_3_M_CP","Total net enrolment rate, upper secondary, male (%)","40510","World","2018","2018",66.12751,"‡","UIS Estimation"
"NERT_3_M_CP","Total net enrolment rate, upper secondary, male (%)","40510","World","2019","2019",66.30755,"‡","UIS Estimation"
"NERT_3_M_CP","Total net enrolment rate, upper secondary, male (%)","40510","World","2020","2020",66.26293,"‡","UIS Estimation"
"NERT_2_GPI","Total net enrolment rate, lower secondary, gender parity index (GPI)","40510","World","1998","1998",0.92933,"‡","UIS Estimation"
"NERT_2_GPI","Total net enrolment rate, lower secondary, gender parity index (GPI)","40510","World","1999","1999",0.92932,"‡","UIS Estimation"
"NERT_2_GPI","Total net enrolment rate, lower secondary, gender parity index (GPI)","40510","World","2000","2000",0.93038,"‡","UIS Estimation"
"NERT_2_GPI","Total net enrolment rate, lower secondary, gender parity index (GPI)","40510","World","2001","2001",0.93641,"‡","UIS Estimation"
"NERT_2_GPI","Total net enrolment rate, lower secondary, gender parity index (GPI)","40510","World","2002","2002",0.94567,"‡","UIS Estimation"
"NERT_2_GPI","Total net enrolment rate, lower secondary, gender parity index (GPI)","40510","World","2003","2003",0.95668,"‡","UIS Estimation"
"NERT_2_GPI","Total net enrolment rate, lower secondary, gender parity index (GPI)","40510","World","2004","2004",0.96387,"‡","UIS Estimation"
"NERT_2_GPI","Total net enrolment rate, lower secondary, gender parity index (GPI)","40510","World","2005","2005",0.96147,"‡","UIS Estimation"
"NERT_2_GPI","Total net enrolment rate, lower secondary, gender parity index (GPI)","40510","World","2006","2006",0.96519,"‡","UIS Estimation"
"NERT_2_GPI","Total net enrolment rate, lower secondary, gender parity index (GPI)","40510","World","2007","2007",0.96569,"‡","UIS Estimation"
"NERT_2_GPI","Total net enrolment rate, lower secondary, gender parity index (GPI)","40510","World","2008","2008",0.97415,"‡","UIS Estimation"
"NERT_2_GPI","Total net enrolment rate, lower secondary, gender parity index (GPI)","40510","World","2009","2009",0.979,"‡","UIS Estimation"
"NERT_2_GPI","Total net enrolment rate, lower secondary, gender parity index (GPI)","40510","World","2010","2010",0.98496,"‡","UIS Estimation"
"NERT_2_GPI","Total net enrolment rate, lower secondary, gender parity index (GPI)","40510","World","2011","2011",0.98948,"‡","UIS Estimation"
"NERT_2_GPI","Total net enrolment rate, lower secondary, gender parity index (GPI)","40510","World","2012","2012",0.99449,"‡","UIS Estimation"
"NERT_2_GPI","Total net enrolment rate, lower secondary, gender parity index (GPI)","40510","World","2013","2013",1.00153,"‡","UIS Estimation"
"NERT_2_GPI","Total net enrolment rate, lower secondary, gender parity index (GPI)","40510","World","2014","2014",1.00391,"‡","UIS Estimation"
"NERT_2_GPI","Total net enrolment rate, lower secondary, gender parity index (GPI)","40510","World","2015","2015",1.00092,"‡","UIS Estimation"
"NERT_2_GPI","Total net enrolment rate, lower secondary, gender parity index (GPI)","40510","World","2016","2016",1.00108,"‡","UIS Estimation"
"NERT_2_GPI","Total net enrolment rate, lower secondary, gender parity index (GPI)","40510","World","2017","2017",1.00264,"‡","UIS Estimation"
"NERT_2_GPI","Total net enrolment rate, lower secondary, gender parity index (GPI)","40510","World","2018","2018",1.00114,"‡","UIS Estimation"
"NERT_2_GPI","Total net enrolment rate, lower secondary, gender parity index (GPI)","40510","World","2019","2019",1.00216,"‡","UIS Estimation"
"NERT_2_GPI","Total net enrolment rate, lower secondary, gender parity index (GPI)","40510","World","2020","2020",1.00275,"‡","UIS Estimation"
"NERT_2_CP","Total net enrolment rate, lower secondary, both sexes (%)","40510","World","1998","1998",74.25149,"‡","UIS Estimation"
"NERT_2_CP","Total net enrolment rate, lower secondary, both sexes (%)","40510","World","1999","1999",74.1521,"‡","UIS Estimation"
"NERT_2_CP","Total net enrolment rate, lower secondary, both sexes (%)","40510","World","2000","2000",74.86367,"‡","UIS Estimation"
"NERT_2_CP","Total net enrolment rate, lower secondary, both sexes (%)","40510","World","2001","2001",75.3345,"‡","UIS Estimation"
"NERT_2_CP","Total net enrolment rate, lower secondary, both sexes (%)","40510","World","2002","2002",76.58856,"‡","UIS Estimation"
"NERT_2_CP","Total net enrolment rate, lower secondary, both sexes (%)","40510","World","2003","2003",78.42639,"‡","UIS Estimation"
"NERT_2_CP","Total net enrolment rate, lower secondary, both sexes (%)","40510","World","2004","2004",79.31164,"‡","UIS Estimation"
"NERT_2_CP","Total net enrolment rate, lower secondary, both sexes (%)","40510","World","2005","2005",79.9894,"‡","UIS Estimation"
"NERT_2_CP","Total net enrolment rate, lower secondary, both sexes (%)","40510","World","2006","2006",80.36007,"‡","UIS Estimation"
"NERT_2_CP","Total net enrolment rate, lower secondary, both sexes (%)","40510","World","2007","2007",81.1234,"‡","UIS Estimation"
"NERT_2_CP","Total net enrolment rate, lower secondary, both sexes (%)","40510","World","2008","2008",81.50143,"‡","UIS Estimation"
"NERT_2_CP","Total net enrolment rate, lower secondary, both sexes (%)","40510","World","2009","2009",81.88327,"‡","UIS Estimation"
"NERT_2_CP","Total net enrolment rate, lower secondary, both sexes (%)","40510","World","2010","2010",82.62692,"‡","UIS Estimation"
"NERT_2_CP","Total net enrolment rate, lower secondary, both sexes (%)","40510","World","2011","2011",82.91113,"‡","UIS Estimation"
"NERT_2_CP","Total net enrolment rate, lower secondary, both sexes (%)","40510","World","2012","2012",83.51831,"‡","UIS Estimation"
"NERT_2_CP","Total net enrolment rate, lower secondary, both sexes (%)","40510","World","2013","2013",83.69005,"‡","UIS Estimation"
"NERT_2_CP","Total net enrolment rate, lower secondary, both sexes (%)","40510","World","2014","2014",83.60315,"‡","UIS Estimation"
"NERT_2_CP","Total net enrolment rate, lower secondary, both sexes (%)","40510","World","2015","2015",84.27283,"‡","UIS Estimation"
"NERT_2_CP","Total net enrolment rate, lower secondary, both sexes (%)","40510","World","2016","2016",84.47287,"‡","UIS Estimation"
"NERT_2_CP","Total net enrolment rate, lower secondary, both sexes (%)","40510","World","2017","2017",84.81769,"‡","UIS Estimation"
"NERT_2_CP","Total net enrolment rate, lower secondary, both sexes (%)","40510","World","2018","2018",85.01716,"‡","UIS Estimation"
"NERT_2_CP","Total net enrolment rate, lower secondary, both sexes (%)","40510","World","2019","2019",84.97601,"‡","UIS Estimation"
"NERT_2_CP","Total net enrolment rate, lower secondary, both sexes (%)","40510","World","2020","2020",84.59792,"‡","UIS Estimation"
"NERT_3_GPI","Total net enrolment rate, upper secondary, gender parity index (GPI)","40510","World","1998","1998",0.86713,"‡","UIS Estimation"
"NERT_3_GPI","Total net enrolment rate, upper secondary, gender parity index (GPI)","40510","World","1999","1999",0.86649,"‡","UIS Estimation"
"NERT_3_GPI","Total net enrolment rate, upper secondary, gender parity index (GPI)","40510","World","2000","2000",0.8765,"‡","UIS Estimation"
"NERT_3_GPI","Total net enrolment rate, upper secondary, gender parity index (GPI)","40510","World","2001","2001",0.88916,"‡","UIS Estimation"
"NERT_3_GPI","Total net enrolment rate, upper secondary, gender parity index (GPI)","40510","World","2002","2002",0.90109,"‡","UIS Estimation"
"NERT_3_GPI","Total net enrolment rate, upper secondary, gender parity index (GPI)","40510","World","2003","2003",0.91841,"‡","UIS Estimation"
"NERT_3_GPI","Total net enrolment rate, upper secondary, gender parity index (GPI)","40510","World","2004","2004",0.93225,"‡","UIS Estimation"
"NERT_3_GPI","Total net enrolment rate, upper secondary, gender parity index (GPI)","40510","World","2005","2005",0.9461,"‡","UIS Estimation"
"NERT_3_GPI","Total net enrolment rate, upper secondary, gender parity index (GPI)","40510","World","2006","2006",0.95008,"‡","UIS Estimation"
"NERT_3_GPI","Total net enrolment rate, upper secondary, gender parity index (GPI)","40510","World","2007","2007",0.95029,"‡","UIS Estimation"
"NERT_3_GPI","Total net enrolment rate, upper secondary, gender parity index (GPI)","40510","World","2008","2008",0.95462,"‡","UIS Estimation"
"NERT_3_GPI","Total net enrolment rate, upper secondary, gender parity index (GPI)","40510","World","2009","2009",0.96174,"‡","UIS Estimation"
"NERT_3_GPI","Total net enrolment rate, upper secondary, gender parity index (GPI)","40510","World","2010","2010",0.96607,"‡","UIS Estimation"
"NERT_3_GPI","Total net enrolment rate, upper secondary, gender parity index (GPI)","40510","World","2011","2011",0.97215,"‡","UIS Estimation"
"NERT_3_GPI","Total net enrolment rate, upper secondary, gender parity index (GPI)","40510","World","2012","2012",0.97909,"‡","UIS Estimation"
"NERT_3_GPI","Total net enrolment rate, upper secondary, gender parity index (GPI)","40510","World","2013","2013",0.98157,"‡","UIS Estimation"
"NERT_3_GPI","Total net enrolment rate, upper secondary, gender parity index (GPI)","40510","World","2014","2014",1.00222,"‡","UIS Estimation"
"NERT_3_GPI","Total net enrolment rate, upper secondary, gender parity index (GPI)","40510","World","2015","2015",1.01686,"‡","UIS Estimation"
"NERT_3_GPI","Total net enrolment rate, upper secondary, gender parity index (GPI)","40510","World","2016","2016",1.00422,"‡","UIS Estimation"
"NERT_3_GPI","Total net enrolment rate, upper secondary, gender parity index (GPI)","40510","World","2017","2017",1.00481,"‡","UIS Estimation"
"NERT_3_GPI","Total net enrolment rate, upper secondary, gender parity index (GPI)","40510","World","2018","2018",1.00947,"‡","UIS Estimation"
"NERT_3_GPI","Total net enrolment rate, upper secondary, gender parity index (GPI)","40510","World","2019","2019",1.00824,"‡","UIS Estimation"
"NERT_3_GPI","Total net enrolment rate, upper secondary, gender parity index (GPI)","40510","World","2020","2020",1.01239,"‡","UIS Estimation"
"NERT_3_F_CP","Total net enrolment rate, upper secondary, female (%)","40510","World","1998","1998",47.68283,"‡","UIS Estimation"
"NERT_3_F_CP","Total net enrolment rate, upper secondary, female (%)","40510","World","1999","1999",47.683,"‡","UIS Estimation"
"NERT_3_F_CP","Total net enrolment rate, upper secondary, female (%)","40510","World","2000","2000",48.30529,"‡","UIS Estimation"
"NERT_3_F_CP","Total net enrolment rate, upper secondary, female (%)","40510","World","2001","2001",49.0497,"‡","UIS Estimation"
"NERT_3_F_CP","Total net enrolment rate, upper secondary, female (%)","40510","World","2002","2002",50.17465,"‡","UIS Estimation"
"NERT_3_F_CP","Total net enrolment rate, upper secondary, female (%)","40510","World","2003","2003",51.6321,"‡","UIS Estimation"
"NERT_3_F_CP","Total net enrolment rate, upper secondary, female (%)","40510","World","2004","2004",52.9725,"‡","UIS Estimation"
"NERT_3_F_CP","Total net enrolment rate, upper secondary, female (%)","40510","World","2005","2005",53.91508,"‡","UIS Estimation"
"NERT_3_F_CP","Total net enrolment rate, upper secondary, female (%)","40510","World","2006","2006",54.87411,"‡","UIS Estimation"
"NERT_3_F_CP","Total net enrolment rate, upper secondary, female (%)","40510","World","2007","2007",56.07082,"‡","UIS Estimation"
"NERT_3_F_CP","Total net enrolment rate, upper secondary, female (%)","40510","World","2008","2008",57.76188,"‡","UIS Estimation"
"NERT_3_F_CP","Total net enrolment rate, upper secondary, female (%)","40510","World","2009","2009",58.7208,"‡","UIS Estimation"
"NERT_3_F_CP","Total net enrolment rate, upper secondary, female (%)","40510","World","2010","2010",60.0828,"‡","UIS Estimation"
"NERT_3_F_CP","Total net enrolment rate, upper secondary, female (%)","40510","World","2011","2011",61.269,"‡","UIS Estimation"
"NERT_3_F_CP","Total net enrolment rate, upper secondary, female (%)","40510","World","2012","2012",61.8051,"‡","UIS Estimation"
"NERT_3_F_CP","Total net enrolment rate, upper secondary, female (%)","40510","World","2013","2013",62.61646,"‡","UIS Estimation"
"NERT_3_F_CP","Total net enrolment rate, upper secondary, female (%)","40510","World","2014","2014",64.59385,"‡","UIS Estimation"
"NERT_3_F_CP","Total net enrolment rate, upper secondary, female (%)","40510","World","2015","2015",65.33471,"‡","UIS Estimation"
"NERT_3_F_CP","Total net enrolment rate, upper secondary, female (%)","40510","World","2016","2016",65.77454,"‡","UIS Estimation"
"NERT_3_F_CP","Total net enrolment rate, upper secondary, female (%)","40510","World","2017","2017",66.30903,"‡","UIS Estimation"
"NERT_3_F_CP","Total net enrolment rate, upper secondary, female (%)","40510","World","2018","2018",66.75371,"‡","UIS Estimation"
"NERT_3_F_CP","Total net enrolment rate, upper secondary, female (%)","40510","World","2019","2019",66.85381,"‡","UIS Estimation"
"NERT_3_F_CP","Total net enrolment rate, upper secondary, female (%)","40510","World","2020","2020",67.08368,"‡","UIS Estimation"
"NERT_3_CP","Total net enrolment rate, upper secondary, both sexes (%)","40510","World","1998","1998",51.42717,"‡","UIS Estimation"
"NERT_3_CP","Total net enrolment rate, upper secondary, both sexes (%)","40510","World","1999","1999",51.45052,"‡","UIS Estimation"
"NERT_3_CP","Total net enrolment rate, upper secondary, both sexes (%)","40510","World","2000","2000",51.79664,"‡","UIS Estimation"
"NERT_3_CP","Total net enrolment rate, upper secondary, both sexes (%)","40510","World","2001","2001",52.18631,"‡","UIS Estimation"
"NERT_3_CP","Total net enrolment rate, upper secondary, both sexes (%)","40510","World","2002","2002",53.00052,"‡","UIS Estimation"
"NERT_3_CP","Total net enrolment rate, upper secondary, both sexes (%)","40510","World","2003","2003",53.98705,"‡","UIS Estimation"
"NERT_3_CP","Total net enrolment rate, upper secondary, both sexes (%)","40510","World","2004","2004",54.94969,"‡","UIS Estimation"
"NERT_3_CP","Total net enrolment rate, upper secondary, both sexes (%)","40510","World","2005","2005",55.49341,"‡","UIS Estimation"
"NERT_3_CP","Total net enrolment rate, upper secondary, both sexes (%)","40510","World","2006","2006",56.35664,"‡","UIS Estimation"
"NERT_3_CP","Total net enrolment rate, upper secondary, both sexes (%)","40510","World","2007","2007",57.58134,"‡","UIS Estimation"
"NERT_3_CP","Total net enrolment rate, upper secondary, both sexes (%)","40510","World","2008","2008",59.17759,"‡","UIS Estimation"
"NERT_3_CP","Total net enrolment rate, upper secondary, both sexes (%)","40510","World","2009","2009",59.92605,"‡","UIS Estimation"
"NERT_3_CP","Total net enrolment rate, upper secondary, both sexes (%)","40510","World","2010","2010",61.17258,"‡","UIS Estimation"
"NERT_3_CP","Total net enrolment rate, upper secondary, both sexes (%)","40510","World","2011","2011",62.17614,"‡","UIS Estimation"
"NERT_3_CP","Total net enrolment rate, upper secondary, both sexes (%)","40510","World","2012","2012",62.48747,"‡","UIS Estimation"
"NERT_3_CP","Total net enrolment rate, upper secondary, both sexes (%)","40510","World","2013","2013",63.22414,"‡","UIS Estimation"
"NERT_3_CP","Total net enrolment rate, upper secondary, both sexes (%)","40510","World","2014","2014",64.51997,"‡","UIS Estimation"
"NERT_3_CP","Total net enrolment rate, upper secondary, both sexes (%)","40510","World","2015","2015",64.77388,"‡","UIS Estimation"
"NERT_3_CP","Total net enrolment rate, upper secondary, both sexes (%)","40510","World","2016","2016",65.63143,"‡","UIS Estimation"
"NERT_3_CP","Total net enrolment rate, upper secondary, both sexes (%)","40510","World","2017","2017",66.14478,"‡","UIS Estimation"
"NERT_3_CP","Total net enrolment rate, upper secondary, both sexes (%)","40510","World","2018","2018",66.42922,"‡","UIS Estimation"
"NERT_3_CP","Total net enrolment rate, upper secondary, both sexes (%)","40510","World","2019","2019",66.57073,"‡","UIS Estimation"
"NERT_3_CP","Total net enrolment rate, upper secondary, both sexes (%)","40510","World","2020","2020",66.65839,"‡","UIS Estimation"
"NERT_2_M_CP","Total net enrolment rate, lower secondary, male (%)","40510","World","1998","1998",76.90137,"‡","UIS Estimation"
"NERT_2_M_CP","Total net enrolment rate, lower secondary, male (%)","40510","World","1999","1999",76.79908,"‡","UIS Estimation"
"NERT_2_M_CP","Total net enrolment rate, lower secondary, male (%)","40510","World","2000","2000",77.49257,"‡","UIS Estimation"
"NERT_2_M_CP","Total net enrolment rate, lower secondary, male (%)","40510","World","2001","2001",77.74247,"‡","UIS Estimation"
"NERT_2_M_CP","Total net enrolment rate, lower secondary, male (%)","40510","World","2002","2002",78.66963,"‡","UIS Estimation"
"NERT_2_M_CP","Total net enrolment rate, lower secondary, male (%)","40510","World","2003","2003",80.11398,"‡","UIS Estimation"
"NERT_2_M_CP","Total net enrolment rate, lower secondary, male (%)","40510","World","2004","2004",80.72882,"‡","UIS Estimation"
"NERT_2_M_CP","Total net enrolment rate, lower secondary, male (%)","40510","World","2005","2005",81.51381,"‡","UIS Estimation"
"NERT_2_M_CP","Total net enrolment rate, lower secondary, male (%)","40510","World","2006","2006",81.73975,"‡","UIS Estimation"
"NERT_2_M_CP","Total net enrolment rate, lower secondary, male (%)","40510","World","2007","2007",82.49427,"‡","UIS Estimation"
"NERT_2_M_CP","Total net enrolment rate, lower secondary, male (%)","40510","World","2008","2008",82.53407,"‡","UIS Estimation"
"NERT_2_M_CP","Total net enrolment rate, lower secondary, male (%)","40510","World","2009","2009",82.72373,"‡","UIS Estimation"
"NERT_2_M_CP","Total net enrolment rate, lower secondary, male (%)","40510","World","2010","2010",83.23258,"‡","UIS Estimation"
"NERT_2_M_CP","Total net enrolment rate, lower secondary, male (%)","40510","World","2011","2011",83.33538,"‡","UIS Estimation"
"NERT_2_M_CP","Total net enrolment rate, lower secondary, male (%)","40510","World","2012","2012",83.74155,"‡","UIS Estimation"
"NERT_2_M_CP","Total net enrolment rate, lower secondary, male (%)","40510","World","2013","2013",83.62809,"‡","UIS Estimation"
"NERT_2_M_CP","Total net enrolment rate, lower secondary, male (%)","40510","World","2014","2014",83.4455,"‡","UIS Estimation"
"NERT_2_M_CP","Total net enrolment rate, lower secondary, male (%)","40510","World","2015","2015",84.23557,"‡","UIS Estimation"
"NERT_2_M_CP","Total net enrolment rate, lower secondary, male (%)","40510","World","2016","2016",84.42901,"‡","UIS Estimation"
"NERT_2_M_CP","Total net enrolment rate, lower secondary, male (%)","40510","World","2017","2017",84.7098,"‡","UIS Estimation"
"NERT_2_M_CP","Total net enrolment rate, lower secondary, male (%)","40510","World","2018","2018",84.97051,"‡","UIS Estimation"
"NERT_2_M_CP","Total net enrolment rate, lower secondary, male (%)","40510","World","2019","2019",84.88722,"‡","UIS Estimation"
"NERT_2_M_CP","Total net enrolment rate, lower secondary, male (%)","40510","World","2020","2020",84.4858,"‡","UIS Estimation"
"NERT_1_GPI","Total net enrolment rate, primary, gender parity index (GPI)","40510","World","1970","1970",0.82583,"‡","UIS Estimation"
"NERT_1_GPI","Total net enrolment rate, primary, gender parity index (GPI)","40510","World","1971","1971",0.81933,"‡","UIS Estimation"
"NERT_1_GPI","Total net enrolment rate, primary, gender parity index (GPI)","40510","World","1972","1972",0.82502,"‡","UIS Estimation"
"NERT_1_GPI","Total net enrolment rate, primary, gender parity index (GPI)","40510","World","1973","1973",0.84632,"‡","UIS Estimation"
"NERT_1_GPI","Total net enrolment rate, primary, gender parity index (GPI)","40510","World","1974","1974",0.85291,"‡","UIS Estimation"
"NERT_1_GPI","Total net enrolment rate, primary, gender parity index (GPI)","40510","World","1975","1975",0.86524,"‡","UIS Estimation"
"NERT_1_GPI","Total net enrolment rate, primary, gender parity index (GPI)","40510","World","1976","1976",0.86697,"‡","UIS Estimation"
"NERT_1_GPI","Total net enrolment rate, primary, gender parity index (GPI)","40510","World","1977","1977",0.8571,"‡","UIS Estimation"
"NERT_1_GPI","Total net enrolment rate, primary, gender parity index (GPI)","40510","World","1978","1978",0.83866,"‡","UIS Estimation"
"NERT_1_GPI","Total net enrolment rate, primary, gender parity index (GPI)","40510","World","1979","1979",0.8366,"‡","UIS Estimation"
"NERT_1_GPI","Total net enrolment rate, primary, gender parity index (GPI)","40510","World","1980","1980",0.84226,"‡","UIS Estimation"
"NERT_1_GPI","Total net enrolment rate, primary, gender parity index (GPI)","40510","World","1981","1981",0.84974,"‡","UIS Estimation"
"NERT_1_GPI","Total net enrolment rate, primary, gender parity index (GPI)","40510","World","1982","1982",0.85333,"‡","UIS Estimation"
"NERT_1_GPI","Total net enrolment rate, primary, gender parity index (GPI)","40510","World","1983","1983",0.85662,"‡","UIS Estimation"
"NERT_1_GPI","Total net enrolment rate, primary, gender parity index (GPI)","40510","World","1984","1984",0.86268,"‡","UIS Estimation"
"NERT_1_GPI","Total net enrolment rate, primary, gender parity index (GPI)","40510","World","1985","1985",0.87337,"‡","UIS Estimation"
"NERT_1_GPI","Total net enrolment rate, primary, gender parity index (GPI)","40510","World","1986","1986",0.88516,"‡","UIS Estimation"
"NERT_1_GPI","Total net enrolment rate, primary, gender parity index (GPI)","40510","World","1987","1987",0.89032,"‡","UIS Estimation"
"NERT_1_GPI","Total net enrolment rate, primary, gender parity index (GPI)","40510","World","1988","1988",0.89494,"‡","UIS Estimation"
"NERT_1_GPI","Total net enrolment rate, primary, gender parity index (GPI)","40510","World","1989","1989",0.90075,"‡","UIS Estimation"
"NERT_1_GPI","Total net enrolment rate, primary, gender parity index (GPI)","40510","World","1990","1990",0.90229,"‡","UIS Estimation"
"NERT_1_GPI","Total net enrolment rate, primary, gender parity index (GPI)","40510","World","1991","1991",0.90471,"‡","UIS Estimation"
"NERT_1_GPI","Total net enrolment rate, primary, gender parity index (GPI)","40510","World","1992","1992",0.90537,"‡","UIS Estimation"
"NERT_1_GPI","Total net enrolment rate, primary, gender parity index (GPI)","40510","World","1993","1993",0.91044,"‡","UIS Estimation"
"NERT_1_GPI","Total net enrolment rate, primary, gender parity index (GPI)","40510","World","1994","1994",0.91538,"‡","UIS Estimation"
"NERT_1_GPI","Total net enrolment rate, primary, gender parity index (GPI)","40510","World","1995","1995",0.91466,"‡","UIS Estimation"
"NERT_1_GPI","Total net enrolment rate, primary, gender parity index (GPI)","40510","World","1996","1996",0.91923,"‡","UIS Estimation"
"NERT_1_GPI","Total net enrolment rate, primary, gender parity index (GPI)","40510","World","1997","1997",0.92341,"‡","UIS Estimation"
"NERT_1_GPI","Total net enrolment rate, primary, gender parity index (GPI)","40510","World","1998","1998",0.92764,"‡","UIS Estimation"
"NERT_1_GPI","Total net enrolment rate, primary, gender parity index (GPI)","40510","World","1999","1999",0.93524,"‡","UIS Estimation"
"NERT_1_GPI","Total net enrolment rate, primary, gender parity index (GPI)","40510","World","2000","2000",0.93937,"‡","UIS Estimation"
"NERT_1_GPI","Total net enrolment rate, primary, gender parity index (GPI)","40510","World","2001","2001",0.94171,"‡","UIS Estimation"
"NERT_1_GPI","Total net enrolment rate, primary, gender parity index (GPI)","40510","World","2002","2002",0.94508,"‡","UIS Estimation"
"NERT_1_GPI","Total net enrolment rate, primary, gender parity index (GPI)","40510","World","2003","2003",0.96519,"‡","UIS Estimation"
"NERT_1_GPI","Total net enrolment rate, primary, gender parity index (GPI)","40510","World","2004","2004",0.96772,"‡","UIS Estimation"
"NERT_1_GPI","Total net enrolment rate, primary, gender parity index (GPI)","40510","World","2005","2005",0.97004,"‡","UIS Estimation"
"NERT_1_GPI","Total net enrolment rate, primary, gender parity index (GPI)","40510","World","2006","2006",0.97335,"‡","UIS Estimation"
"NERT_1_GPI","Total net enrolment rate, primary, gender parity index (GPI)","40510","World","2007","2007",0.97272,"‡","UIS Estimation"
"NERT_1_GPI","Total net enrolment rate, primary, gender parity index (GPI)","40510","World","2008","2008",0.97887,"‡","UIS Estimation"
"NERT_1_GPI","Total net enrolment rate, primary, gender parity index (GPI)","40510","World","2009","2009",0.98369,"‡","UIS Estimation"
"NERT_1_GPI","Total net enrolment rate, primary, gender parity index (GPI)","40510","World","2010","2010",0.98512,"‡","UIS Estimation"
"NERT_1_GPI","Total net enrolment rate, primary, gender parity index (GPI)","40510","World","2011","2011",0.98896,"‡","UIS Estimation"
"NERT_1_GPI","Total net enrolment rate, primary, gender parity index (GPI)","40510","World","2012","2012",0.98574,"‡","UIS Estimation"
"NERT_1_GPI","Total net enrolment rate, primary, gender parity index (GPI)","40510","World","2013","2013",0.98469,"‡","UIS Estimation"
"NERT_1_GPI","Total net enrolment rate, primary, gender parity index (GPI)","40510","World","2014","2014",0.98278,"‡","UIS Estimation"
"NERT_1_GPI","Total net enrolment rate, primary, gender parity index (GPI)","40510","World","2015","2015",0.98145,"‡","UIS Estimation"
"NERT_1_GPI","Total net enrolment rate, primary, gender parity index (GPI)","40510","World","2016","2016",0.98026,"‡","UIS Estimation"
"NERT_1_GPI","Total net enrolment rate, primary, gender parity index (GPI)","40510","World","2017","2017",0.98051,"‡","UIS Estimation"
"NERT_1_GPI","Total net enrolment rate, primary, gender parity index (GPI)","40510","World","2018","2018",0.97818,"‡","UIS Estimation"
"NERT_1_GPI","Total net enrolment rate, primary, gender parity index (GPI)","40510","World","2019","2019",0.97934,"‡","UIS Estimation"
"NERT_1_GPI","Total net enrolment rate, primary, gender parity index (GPI)","40510","World","2020","2020",0.98215,"‡","UIS Estimation"
"NERT_1_CP","Total net enrolment rate, primary, both sexes (%)","40510","World","1970","1970",72.30944,"‡","UIS Estimation"
"NERT_1_CP","Total net enrolment rate, primary, both sexes (%)","40510","World","1971","1971",72.20884,"‡","UIS Estimation"
"NERT_1_CP","Total net enrolment rate, primary, both sexes (%)","40510","World","1972","1972",73.0285,"‡","UIS Estimation"
"NERT_1_CP","Total net enrolment rate, primary, both sexes (%)","40510","World","1973","1973",75.18851,"‡","UIS Estimation"
"NERT_1_CP","Total net enrolment rate, primary, both sexes (%)","40510","World","1974","1974",75.84876,"‡","UIS Estimation"
"NERT_1_CP","Total net enrolment rate, primary, both sexes (%)","40510","World","1975","1975",76.96648,"‡","UIS Estimation"
"NERT_1_CP","Total net enrolment rate, primary, both sexes (%)","40510","World","1976","1976",77.55807,"‡","UIS Estimation"
"NERT_1_CP","Total net enrolment rate, primary, both sexes (%)","40510","World","1977","1977",77.53761,"‡","UIS Estimation"
"NERT_1_CP","Total net enrolment rate, primary, both sexes (%)","40510","World","1978","1978",76.50335,"‡","UIS Estimation"
"NERT_1_CP","Total net enrolment rate, primary, both sexes (%)","40510","World","1979","1979",76.81187,"‡","UIS Estimation"
"NERT_1_CP","Total net enrolment rate, primary, both sexes (%)","40510","World","1980","1980",77.95339,"‡","UIS Estimation"
"NERT_1_CP","Total net enrolment rate, primary, both sexes (%)","40510","World","1981","1981",78.74885,"‡","UIS Estimation"
"NERT_1_CP","Total net enrolment rate, primary, both sexes (%)","40510","World","1982","1982",79.16728,"‡","UIS Estimation"
"NERT_1_CP","Total net enrolment rate, primary, both sexes (%)","40510","World","1983","1983",79.40975,"‡","UIS Estimation"
"NERT_1_CP","Total net enrolment rate, primary, both sexes (%)","40510","World","1984","1984",79.65515,"‡","UIS Estimation"
"NERT_1_CP","Total net enrolment rate, primary, both sexes (%)","40510","World","1985","1985",80.28977,"‡","UIS Estimation"
"NERT_1_CP","Total net enrolment rate, primary, both sexes (%)","40510","World","1986","1986",81.04728,"‡","UIS Estimation"
"NERT_1_CP","Total net enrolment rate, primary, both sexes (%)","40510","World","1987","1987",81.32891,"‡","UIS Estimation"
"NERT_1_CP","Total net enrolment rate, primary, both sexes (%)","40510","World","1988","1988",81.9674,"‡","UIS Estimation"
"NERT_1_CP","Total net enrolment rate, primary, both sexes (%)","40510","World","1989","1989",82.62973,"‡","UIS Estimation"
"NERT_1_CP","Total net enrolment rate, primary, both sexes (%)","40510","World","1990","1990",82.59474,,
"NERT_1_CP","Total net enrolment rate, primary, both sexes (%)","40510","World","1991","1991",82.82353,"‡","UIS Estimation"
"NERT_1_CP","Total net enrolment rate, primary, both sexes (%)","40510","World","1992","1992",82.55995,"‡","UIS Estimation"
"NERT_1_CP","Total net enrolment rate, primary, both sexes (%)","40510","World","1993","1993",82.69669,"‡","UIS Estimation"
"NERT_1_CP","Total net enrolment rate, primary, both sexes (%)","40510","World","1994","1994",82.78577,"‡","UIS Estimation"
"NERT_1_CP","Total net enrolment rate, primary, both sexes (%)","40510","World","1995","1995",82.51621,"‡","UIS Estimation"
"NERT_1_CP","Total net enrolment rate, primary, both sexes (%)","40510","World","1996","1996",82.3445,"‡","UIS Estimation"
"NERT_1_CP","Total net enrolment rate, primary, both sexes (%)","40510","World","1997","1997",82.56397,"‡","UIS Estimation"
"NERT_1_CP","Total net enrolment rate, primary, both sexes (%)","40510","World","1998","1998",83.38661,"‡","UIS Estimation"
"NERT_1_CP","Total net enrolment rate, primary, both sexes (%)","40510","World","1999","1999",84.39324,"‡","UIS Estimation"
"NERT_1_CP","Total net enrolment rate, primary, both sexes (%)","40510","World","2000","2000",85.17804,"‡","UIS Estimation"
"NERT_1_CP","Total net enrolment rate, primary, both sexes (%)","40510","World","2001","2001",85.56127,"‡","UIS Estimation"
"NERT_1_CP","Total net enrolment rate, primary, both sexes (%)","40510","World","2002","2002",85.96787,"‡","UIS Estimation"
"NERT_1_CP","Total net enrolment rate, primary, both sexes (%)","40510","World","2003","2003",87.31507,"‡","UIS Estimation"
"NERT_1_CP","Total net enrolment rate, primary, both sexes (%)","40510","World","2004","2004",88.51371,"‡","UIS Estimation"
"NERT_1_CP","Total net enrolment rate, primary, both sexes (%)","40510","World","2005","2005",89.33663,"‡","UIS Estimation"
"NERT_1_CP","Total net enrolment rate, primary, both sexes (%)","40510","World","2006","2006",89.65008,"‡","UIS Estimation"
"NERT_1_CP","Total net enrolment rate, primary, both sexes (%)","40510","World","2007","2007",90.96804,"‡","UIS Estimation"
"NERT_1_CP","Total net enrolment rate, primary, both sexes (%)","40510","World","2008","2008",91.14717,,
"NERT_1_CP","Total net enrolment rate, primary, both sexes (%)","40510","World","2009","2009",91.00372,,
"NERT_1_CP","Total net enrolment rate, primary, both sexes (%)","40510","World","2010","2010",91.1313,"‡","UIS Estimation"
"NERT_1_CP","Total net enrolment rate, primary, both sexes (%)","40510","World","2011","2011",91.11426,"‡","UIS Estimation"
"NERT_1_CP","Total net enrolment rate, primary, both sexes (%)","40510","World","2012","2012",91.31286,"‡","UIS Estimation"
"NERT_1_CP","Total net enrolment rate, primary, both sexes (%)","40510","World","2013","2013",91.57213,"‡","UIS Estimation"
"NERT_1_CP","Total net enrolment rate, primary, both sexes (%)","40510","World","2014","2014",91.15079,"‡","UIS Estimation"
"NERT_1_CP","Total net enrolment rate, primary, both sexes (%)","40510","World","2015","2015",90.92991,"‡","UIS Estimation"
"NERT_1_CP","Total net enrolment rate, primary, both sexes (%)","40510","World","2016","2016",91.11122,"‡","UIS Estimation"
"NERT_1_CP","Total net enrolment rate, primary, both sexes (%)","40510","World","2017","2017",91.06826,"‡","UIS Estimation"
"NERT_1_CP","Total net enrolment rate, primary, both sexes (%)","40510","World","2018","2018",91.39859,"‡","UIS Estimation"
"NERT_1_CP","Total net enrolment rate, primary, both sexes (%)","40510","World","2019","2019",91.15584,"‡","UIS Estimation"
"NERT_1_CP","Total net enrolment rate, primary, both sexes (%)","40510","World","2020","2020",90.95924,"‡","UIS Estimation"
"NERT_1_M_CP","Total net enrolment rate, primary, male (%)","40510","World","1970","1970",79.04062,"‡","UIS Estimation"
"NERT_1_M_CP","Total net enrolment rate, primary, male (%)","40510","World","1971","1971",79.20542,"‡","UIS Estimation"
"NERT_1_M_CP","Total net enrolment rate, primary, male (%)","40510","World","1972","1972",79.86144,"‡","UIS Estimation"
"NERT_1_M_CP","Total net enrolment rate, primary, male (%)","40510","World","1973","1973",81.29858,"‡","UIS Estimation"
"NERT_1_M_CP","Total net enrolment rate, primary, male (%)","40510","World","1974","1974",81.72999,"‡","UIS Estimation"
"NERT_1_M_CP","Total net enrolment rate, primary, male (%)","40510","World","1975","1975",82.40087,"‡","UIS Estimation"
"NERT_1_M_CP","Total net enrolment rate, primary, male (%)","40510","World","1976","1976",82.96176,"‡","UIS Estimation"
"NERT_1_M_CP","Total net enrolment rate, primary, male (%)","40510","World","1977","1977",83.37239,"‡","UIS Estimation"
"NERT_1_M_CP","Total net enrolment rate, primary, male (%)","40510","World","1978","1978",83.06706,"‡","UIS Estimation"
"NERT_1_M_CP","Total net enrolment rate, primary, male (%)","40510","World","1979","1979",83.49095,"‡","UIS Estimation"
"NERT_1_M_CP","Total net enrolment rate, primary, male (%)","40510","World","1980","1980",84.47348,"‡","UIS Estimation"
"NERT_1_M_CP","Total net enrolment rate, primary, male (%)","40510","World","1981","1981",84.99367,"‡","UIS Estimation"
"NERT_1_M_CP","Total net enrolment rate, primary, male (%)","40510","World","1982","1982",85.28053,"‡","UIS Estimation"
"NERT_1_M_CP","Total net enrolment rate, primary, male (%)","40510","World","1983","1983",85.39156,"‡","UIS Estimation"
"NERT_1_M_CP","Total net enrolment rate, primary, male (%)","40510","World","1984","1984",85.38221,"‡","UIS Estimation"
"NERT_1_M_CP","Total net enrolment rate, primary, male (%)","40510","World","1985","1985",85.58267,"‡","UIS Estimation"
"NERT_1_M_CP","Total net enrolment rate, primary, male (%)","40510","World","1986","1986",85.86263,"‡","UIS Estimation"
"NERT_1_M_CP","Total net enrolment rate, primary, male (%)","40510","World","1987","1987",85.9314,"‡","UIS Estimation"
"NERT_1_M_CP","Total net enrolment rate, primary, male (%)","40510","World","1988","1988",86.3994,"‡","UIS Estimation"
"NERT_1_M_CP","Total net enrolment rate, primary, male (%)","40510","World","1989","1989",86.83706,"‡","UIS Estimation"
"NERT_1_M_CP","Total net enrolment rate, primary, male (%)","40510","World","1990","1990",86.73016,"‡","UIS Estimation"
"NERT_1_M_CP","Total net enrolment rate, primary, male (%)","40510","World","1991","1991",86.86111,"‡","UIS Estimation"
"NERT_1_M_CP","Total net enrolment rate, primary, male (%)","40510","World","1992","1992",86.55408,"‡","UIS Estimation"
"NERT_1_M_CP","Total net enrolment rate, primary, male (%)","40510","World","1993","1993",86.47174,"‡","UIS Estimation"
"NERT_1_M_CP","Total net enrolment rate, primary, male (%)","40510","World","1994","1994",86.34639,"‡","UIS Estimation"
"NERT_1_M_CP","Total net enrolment rate, primary, male (%)","40510","World","1995","1995",86.09503,"‡","UIS Estimation"
"NERT_1_M_CP","Total net enrolment rate, primary, male (%)","40510","World","1996","1996",85.71589,"‡","UIS Estimation"
"NERT_1_M_CP","Total net enrolment rate, primary, male (%)","40510","World","1997","1997",85.76128,"‡","UIS Estimation"
"NERT_1_M_CP","Total net enrolment rate, primary, male (%)","40510","World","1998","1998",86.42928,"‡","UIS Estimation"
"NERT_1_M_CP","Total net enrolment rate, primary, male (%)","40510","World","1999","1999",87.13615,"‡","UIS Estimation"
"NERT_1_M_CP","Total net enrolment rate, primary, male (%)","40510","World","2000","2000",87.76301,"‡","UIS Estimation"
"NERT_1_M_CP","Total net enrolment rate, primary, male (%)","40510","World","2001","2001",88.05214,"‡","UIS Estimation"
"NERT_1_M_CP","Total net enrolment rate, primary, male (%)","40510","World","2002","2002",88.32059,"‡","UIS Estimation"
"NERT_1_M_CP","Total net enrolment rate, primary, male (%)","40510","World","2003","2003",88.8133,"‡","UIS Estimation"
"NERT_1_M_CP","Total net enrolment rate, primary, male (%)","40510","World","2004","2004",89.91831,"‡","UIS Estimation"
"NERT_1_M_CP","Total net enrolment rate, primary, male (%)","40510","World","2005","2005",90.65058,"‡","UIS Estimation"
"NERT_1_M_CP","Total net enrolment rate, primary, male (%)","40510","World","2006","2006",90.82031,"‡","UIS Estimation"
"NERT_1_M_CP","Total net enrolment rate, primary, male (%)","40510","World","2007","2007",92.18374,"‡","UIS Estimation"
"NERT_1_M_CP","Total net enrolment rate, primary, male (%)","40510","World","2008","2008",92.08785,"‡","UIS Estimation"
"NERT_1_M_CP","Total net enrolment rate, primary, male (%)","40510","World","2009","2009",91.7266,"‡","UIS Estimation"
"NERT_1_M_CP","Total net enrolment rate, primary, male (%)","40510","World","2010","2010",91.79098,"‡","UIS Estimation"
"NERT_1_M_CP","Total net enrolment rate, primary, male (%)","40510","World","2011","2011",91.60269,"‡","UIS Estimation"
"NERT_1_M_CP","Total net enrolment rate, primary, male (%)","40510","World","2012","2012",91.94594,"‡","UIS Estimation"
"NERT_1_M_CP","Total net enrolment rate, primary, male (%)","40510","World","2013","2013",92.25422,"‡","UIS Estimation"
"NERT_1_M_CP","Total net enrolment rate, primary, male (%)","40510","World","2014","2014",91.91507,"‡","UIS Estimation"
"NERT_1_M_CP","Total net enrolment rate, primary, male (%)","40510","World","2015","2015",91.75206,"‡","UIS Estimation"
"NERT_1_M_CP","Total net enrolment rate, primary, male (%)","40510","World","2016","2016",91.98841,"‡","UIS Estimation"
"NERT_1_M_CP","Total net enrolment rate, primary, male (%)","40510","World","2017","2017",91.93426,"‡","UIS Estimation"
"NERT_1_M_CP","Total net enrolment rate, primary, male (%)","40510","World","2018","2018",92.37272,"‡","UIS Estimation"
"NERT_1_M_CP","Total net enrolment rate, primary, male (%)","40510","World","2019","2019",92.07575,"‡","UIS Estimation"
"NERT_1_M_CP","Total net enrolment rate, primary, male (%)","40510","World","2020","2020",91.75153,"‡","UIS Estimation"
"NERT_1_F_CP","Total net enrolment rate, primary, female (%)","40510","World","1970","1970",65.27449,"‡","UIS Estimation"
"NERT_1_F_CP","Total net enrolment rate, primary, female (%)","40510","World","1971","1971",64.89515,"‡","UIS Estimation"
"NERT_1_F_CP","Total net enrolment rate, primary, female (%)","40510","World","1972","1972",65.88757,"‡","UIS Estimation"
"NERT_1_F_CP","Total net enrolment rate, primary, female (%)","40510","World","1973","1973",68.80477,"‡","UIS Estimation"
"NERT_1_F_CP","Total net enrolment rate, primary, female (%)","40510","World","1974","1974",69.70798,"‡","UIS Estimation"
"NERT_1_F_CP","Total net enrolment rate, primary, female (%)","40510","World","1975","1975",71.29681,"‡","UIS Estimation"
"NERT_1_F_CP","Total net enrolment rate, primary, female (%)","40510","World","1976","1976",71.92534,"‡","UIS Estimation"
"NERT_1_F_CP","Total net enrolment rate, primary, female (%)","40510","World","1977","1977",71.45874,"‡","UIS Estimation"
"NERT_1_F_CP","Total net enrolment rate, primary, female (%)","40510","World","1978","1978",69.66492,"‡","UIS Estimation"
"NERT_1_F_CP","Total net enrolment rate, primary, female (%)","40510","World","1979","1979",69.84888,"‡","UIS Estimation"
"NERT_1_F_CP","Total net enrolment rate, primary, female (%)","40510","World","1980","1980",71.14875,"‡","UIS Estimation"
"NERT_1_F_CP","Total net enrolment rate, primary, female (%)","40510","World","1981","1981",72.2227,"‡","UIS Estimation"
"NERT_1_F_CP","Total net enrolment rate, primary, female (%)","40510","World","1982","1982",72.77239,"‡","UIS Estimation"
"NERT_1_F_CP","Total net enrolment rate, primary, female (%)","40510","World","1983","1983",73.1481,"‡","UIS Estimation"
"NERT_1_F_CP","Total net enrolment rate, primary, female (%)","40510","World","1984","1984",73.65752,"‡","UIS Estimation"
"NERT_1_F_CP","Total net enrolment rate, primary, female (%)","40510","World","1985","1985",74.74523,"‡","UIS Estimation"
"NERT_1_F_CP","Total net enrolment rate, primary, female (%)","40510","World","1986","1986",76.00176,"‡","UIS Estimation"
"NERT_1_F_CP","Total net enrolment rate, primary, female (%)","40510","World","1987","1987",76.50641,"‡","UIS Estimation"
"NERT_1_F_CP","Total net enrolment rate, primary, female (%)","40510","World","1988","1988",77.32243,"‡","UIS Estimation"
"NERT_1_F_CP","Total net enrolment rate, primary, female (%)","40510","World","1989","1989",78.21825,"‡","UIS Estimation"
"NERT_1_F_CP","Total net enrolment rate, primary, female (%)","40510","World","1990","1990",78.25606,"‡","UIS Estimation"
"NERT_1_F_CP","Total net enrolment rate, primary, female (%)","40510","World","1991","1991",78.58436,"‡","UIS Estimation"
"NERT_1_F_CP","Total net enrolment rate, primary, female (%)","40510","World","1992","1992",78.36337,"‡","UIS Estimation"
"NERT_1_F_CP","Total net enrolment rate, primary, female (%)","40510","World","1993","1993",78.72743,"‡","UIS Estimation"
"NERT_1_F_CP","Total net enrolment rate, primary, female (%)","40510","World","1994","1994",79.03936,"‡","UIS Estimation"
"NERT_1_F_CP","Total net enrolment rate, primary, female (%)","40510","World","1995","1995",78.74794,"‡","UIS Estimation"
"NERT_1_F_CP","Total net enrolment rate, primary, female (%)","40510","World","1996","1996",78.7922,"‡","UIS Estimation"
"NERT_1_F_CP","Total net enrolment rate, primary, female (%)","40510","World","1997","1997",79.19282,"‡","UIS Estimation"
"NERT_1_F_CP","Total net enrolment rate, primary, female (%)","40510","World","1998","1998",80.17527,"‡","UIS Estimation"
"NERT_1_F_CP","Total net enrolment rate, primary, female (%)","40510","World","1999","1999",81.49289,"‡","UIS Estimation"
"NERT_1_F_CP","Total net enrolment rate, primary, female (%)","40510","World","2000","2000",82.44175,"‡","UIS Estimation"
"NERT_1_F_CP","Total net enrolment rate, primary, female (%)","40510","World","2001","2001",82.91999,"‡","UIS Estimation"
"NERT_1_F_CP","Total net enrolment rate, primary, female (%)","40510","World","2002","2002",83.46991,"‡","UIS Estimation"
"NERT_1_F_CP","Total net enrolment rate, primary, female (%)","40510","World","2003","2003",85.72176,"‡","UIS Estimation"
"NERT_1_F_CP","Total net enrolment rate, primary, female (%)","40510","World","2004","2004",87.01562,"‡","UIS Estimation"
"NERT_1_F_CP","Total net enrolment rate, primary, female (%)","40510","World","2005","2005",87.93445,"‡","UIS Estimation"
"NERT_1_F_CP","Total net enrolment rate, primary, female (%)","40510","World","2006","2006",88.4003,"‡","UIS Estimation"
"NERT_1_F_CP","Total net enrolment rate, primary, female (%)","40510","World","2007","2007",89.66903,"‡","UIS Estimation"
"NERT_1_F_CP","Total net enrolment rate, primary, female (%)","40510","World","2008","2008",90.14186,"‡","UIS Estimation"
"NERT_1_F_CP","Total net enrolment rate, primary, female (%)","40510","World","2009","2009",90.23021,"‡","UIS Estimation"
"NERT_1_F_CP","Total net enrolment rate, primary, female (%)","40510","World","2010","2010",90.4254,"‡","UIS Estimation"
"NERT_1_F_CP","Total net enrolment rate, primary, female (%)","40510","World","2011","2011",90.59132,"‡","UIS Estimation"
"NERT_1_F_CP","Total net enrolment rate, primary, female (%)","40510","World","2012","2012",90.63453,"‡","UIS Estimation"
"NERT_1_F_CP","Total net enrolment rate, primary, female (%)","40510","World","2013","2013",90.8415,"‡","UIS Estimation"
"NERT_1_F_CP","Total net enrolment rate, primary, female (%)","40510","World","2014","2014",90.33248,"‡","UIS Estimation"
"NERT_1_F_CP","Total net enrolment rate, primary, female (%)","40510","World","2015","2015",90.0499,"‡","UIS Estimation"
"NERT_1_F_CP","Total net enrolment rate, primary, female (%)","40510","World","2016","2016",90.17277,"‡","UIS Estimation"
"NERT_1_F_CP","Total net enrolment rate, primary, female (%)","40510","World","2017","2017",90.1421,"‡","UIS Estimation"
"NERT_1_F_CP","Total net enrolment rate, primary, female (%)","40510","World","2018","2018",90.3574,"‡","UIS Estimation"
"NERT_1_F_CP","Total net enrolment rate, primary, female (%)","40510","World","2019","2019",90.17326,"‡","UIS Estimation"
"NERT_1_F_CP","Total net enrolment rate, primary, female (%)","40510","World","2020","2020",90.11379,"‡","UIS Estimation"
